"","decimalLongitude","decimalLatitude"
"1",-6.444552,37.002777
"2",2.108945,41.54823
"3",2.147656,41.367556
